Metric,Value
CV ROC AUC,0.9291290946012756
Test ROC AUC,0.9379939278210566
Mean Abs Error,0.14808259847830557
PR AUC,0.6863477919655068
LC 88 Train ROC AUC,1.0
LC 88 Val ROC AUC,0.9049036027880561
LC 286 Train ROC AUC,1.0
LC 286 Val ROC AUC,0.8913379038219806
LC 484 Train ROC AUC,1.0
LC 484 Val ROC AUC,0.9182626371031066
LC 682 Train ROC AUC,1.0
LC 682 Val ROC AUC,0.9216605666522811
LC 880 Train ROC AUC,0.9999898719818505
LC 880 Val ROC AUC,0.9079900466107524
