Metric,Value
CV ROC AUC,0.9312890899234528
Test ROC AUC,0.9343607595293215
Mean Abs Error,0.1396939659202189
PR AUC,0.7072329390028714
LC 88 Train ROC AUC,0.9999999999999998
LC 88 Val ROC AUC,0.8916638935435774
LC 286 Train ROC AUC,1.0
LC 286 Val ROC AUC,0.8899940293069214
LC 484 Train ROC AUC,1.0
LC 484 Val ROC AUC,0.9200102380580526
LC 682 Train ROC AUC,1.0
LC 682 Val ROC AUC,0.9215413229765919
LC 880 Train ROC AUC,0.9999898719818507
LC 880 Val ROC AUC,0.9163549511746691
