Metric,Value
CV ROC AUC,0.9364998259658893
Test ROC AUC,0.9317172181372549
Mean Abs Error,0.1536084775821236
PR AUC,0.6979924639459473
LC 24 Train ROC AUC,0.5
LC 24 Val ROC AUC,0.5
LC 78 Train ROC AUC,0.9696969696969695
LC 78 Val ROC AUC,0.9174520670337101
LC 132 Train ROC AUC,0.9770089285714286
LC 132 Val ROC AUC,0.9283844189016603
LC 186 Train ROC AUC,0.9818308874912649
LC 186 Val ROC AUC,0.9251849302939567
LC 240 Train ROC AUC,0.9899237472766884
LC 240 Val ROC AUC,0.9194182845552014
