Metric,Value
Nested CV ROC AUC Mean,0.9320581074305032
Nested CV ROC AUC Std,0.0089267976615041
