Metric,Value
CV ROC AUC,0.9253864717484627
Test ROC AUC,0.9428615196078431
Mean Abs Error,0.12458929950418725
PR AUC,0.7104526605555916
LC 24 Train ROC AUC,1.0
LC 24 Val ROC AUC,0.7484035759897829
LC 78 Train ROC AUC,1.0
LC 78 Val ROC AUC,0.9083975927535766
LC 132 Train ROC AUC,1.0
LC 132 Val ROC AUC,0.925684718331777
LC 186 Train ROC AUC,1.0
LC 186 Val ROC AUC,0.9232561415370746
LC 240 Train ROC AUC,1.0
LC 240 Val ROC AUC,0.9147875816993464
