Metric,Value
CV ROC AUC,0.9329180444969918
Test ROC AUC,0.9454032525721872
Mean Abs Error,0.12973166292878743
PR AUC,0.6915791023522423
