Metric,Value
CV ROC AUC,0.9226418378002087
Test ROC AUC,0.9276194852941176
Mean Abs Error,0.15794833710949963
PR AUC,0.6691214376485011
LC 24 Train ROC AUC,1.0
LC 24 Val ROC AUC,0.8916392993979201
LC 78 Train ROC AUC,1.0
LC 78 Val ROC AUC,0.8762541989976068
LC 132 Train ROC AUC,1.0
LC 132 Val ROC AUC,0.9129038013672902
LC 186 Train ROC AUC,1.0
LC 186 Val ROC AUC,0.9230771139873575
LC 240 Train ROC AUC,1.0
LC 240 Val ROC AUC,0.912416892044174
