Metric,Value
CV ROC AUC,0.7965959123853861
Test ROC AUC,0.9401759044142051
Mean Abs Error,0.1305282562971115
PR AUC,0.6470422214454421
