Metric,Value
CV ROC AUC,0.9948286823038727
Test ROC AUC,0.9999940804724257
Mean Abs Error,0.008982142857142859
PR AUC,0.9999662074637936
