Metric,Value
CV ROC AUC,0.7525592851908641
Test ROC AUC,0.9357782940590774
Mean Abs Error,0.14048507328531773
PR AUC,0.6544465968850565
