Metric,Value
Nested CV ROC AUC Mean,0.7388230631584755
Nested CV ROC AUC Std,0.030707032187412053
