Metric,Value
CV ROC AUC,0.9287667942916811
Test ROC AUC,0.9307598039215685
Mean Abs Error,0.13142920367453775
PR AUC,0.6566133766248131
LC 24 Train ROC AUC,0.5
LC 24 Val ROC AUC,0.5
LC 78 Train ROC AUC,0.9816919191919192
LC 78 Val ROC AUC,0.917519277826073
LC 132 Train ROC AUC,0.9879464285714284
LC 132 Val ROC AUC,0.9126841253742877
LC 186 Train ROC AUC,0.9948753785231773
LC 186 Val ROC AUC,0.9112779307125148
LC 240 Train ROC AUC,0.9902641612200436
LC 240 Val ROC AUC,0.9127029739098707
