Metric,Value
CV ROC AUC,0.9289617124956491
Test ROC AUC,0.9312576593137254
Mean Abs Error,0.13048656419553906
PR AUC,0.6588358503332201
LC 24 Train ROC AUC,0.5
LC 24 Val ROC AUC,0.5
LC 78 Train ROC AUC,0.9848484848484848
LC 78 Val ROC AUC,0.9184895414104339
LC 132 Train ROC AUC,0.9897321428571428
LC 132 Val ROC AUC,0.9078689617609494
LC 186 Train ROC AUC,0.9958071278825995
LC 186 Val ROC AUC,0.9118221905620485
LC 240 Train ROC AUC,0.9897875816993464
LC 240 Val ROC AUC,0.9113548676175451
