Metric,Value
Nested CV ROC AUC Mean,0.9123781888234219
Nested CV ROC AUC Std,0.007086493706096625
