Metric,Value
CV ROC AUC,0.9277767722473605
Test ROC AUC,0.9410998774509804
Mean Abs Error,0.1548971247433297
PR AUC,0.7469172363444836
LC 24 Train ROC AUC,0.5
LC 24 Val ROC AUC,0.5
LC 78 Train ROC AUC,0.9867424242424242
LC 78 Val ROC AUC,0.9140241153932835
LC 132 Train ROC AUC,0.9725446428571429
LC 132 Val ROC AUC,0.9206852951908733
LC 186 Train ROC AUC,0.9734451432564641
LC 186 Val ROC AUC,0.9219500252208161
LC 240 Train ROC AUC,0.9851579520697168
LC 240 Val ROC AUC,0.9064546508258475
