Metric,Value
CV ROC AUC,0.7356522793177683
Test ROC AUC,0.9178283198826119
Mean Abs Error,0.15314935064935065
PR AUC,0.668450129595918
