Metric,Value
CV ROC AUC,0.9367825583615057
Test ROC AUC,0.9471457019581812
Mean Abs Error,0.14285903870804387
PR AUC,0.7328786417824105
