Metric,Value
CV ROC AUC,0.9310895174053069
Test ROC AUC,0.9468138068370395
Mean Abs Error,0.12743993968236536
PR AUC,0.7038068813521557
LC 123 Train ROC AUC,1.0
LC 123 Val ROC AUC,0.908983266203507
LC 400 Train ROC AUC,1.0
LC 400 Val ROC AUC,0.8924044623240868
LC 677 Train ROC AUC,0.9982897042856218
LC 677 Val ROC AUC,0.9259076095107123
LC 954 Train ROC AUC,0.9897295927619844
LC 954 Val ROC AUC,0.9359093523185893
LC 1231 Train ROC AUC,0.9893260469311075
LC 1231 Val ROC AUC,0.9404847478810539
