Metric,Value
Nested CV ROC AUC Mean,0.9215616514805156
Nested CV ROC AUC Std,0.01093489048200114
