Metric,Value
CV ROC AUC,0.7614584988269198
Test ROC AUC,0.9254065715233987
Mean Abs Error,0.13555428385734558
PR AUC,0.5993946516931438
