Metric,Value
CV ROC AUC,0.9303436593572341
Test ROC AUC,0.9379978553921569
Mean Abs Error,0.15850844979286194
PR AUC,0.7241156982293472
LC 24 Train ROC AUC,1.0
LC 24 Val ROC AUC,0.6815326609571032
LC 78 Train ROC AUC,1.0
LC 78 Val ROC AUC,0.8918098082144734
LC 132 Train ROC AUC,0.9995535714285714
LC 132 Val ROC AUC,0.9045290817476417
LC 186 Train ROC AUC,0.9993011879804333
LC 186 Val ROC AUC,0.9031591084709746
LC 240 Train ROC AUC,0.9987745098039216
LC 240 Val ROC AUC,0.8947754676583278
