Metric,Value
Nested CV ROC AUC Mean,0.9075814712858324
Nested CV ROC AUC Std,0.01795376442259505
