Metric,Value
Nested CV ROC AUC Mean,0.9173023004553524
Nested CV ROC AUC Std,0.012914910340796903
