Metric,Value
CV ROC AUC,0.9339737788606566
Test ROC AUC,0.9298406862745098
Mean Abs Error,0.14838001132011414
PR AUC,0.6757376902612073
LC 24 Train ROC AUC,0.5
LC 24 Val ROC AUC,0.5
LC 78 Train ROC AUC,0.8920454545454547
LC 78 Val ROC AUC,0.8620169811219508
LC 132 Train ROC AUC,0.9678571428571427
LC 132 Val ROC AUC,0.9151534176889147
LC 186 Train ROC AUC,0.9750757046354531
LC 186 Val ROC AUC,0.9226213953014156
LC 240 Train ROC AUC,0.9753540305010893
LC 240 Val ROC AUC,0.9129223145196776
